/*Primero crear usuario y base de datos individual*/
CREATE USER prueba3 IDENTIFIED BY nasho DEFAULT TABLESPACE users;
GRANT CONNECT, RESOURCE TO prueba3;
ALTER SESSION SET CURRENT_SCHEMA=prueba3;


/*Conectar con usuario creado y luego ejecutar todo lo siguiente*/

/*NOTA IMPORTANTE*/
--Ahora se puede ejecutar todo seguidamente
--No olvidar confirmar cambios para los INSERT (F11)


/*BORRAR TODO EN ORDEN*/
DROP TABLE lista_salida;
DROP TABLE entra_a_ubicacion;
DROP TABLE detalle_entrada;
DROP TABLE detalle_lista_cte;
DROP TABLE entrada_mercaderia;
DROP TABLE articulo;
DROP TABLE clasificacion;
DROP TABLE ubicacion;
DROP TABLE bodega;

DROP TABLE USUARIO_CLIENTE;
DROP TABLE USUARIO;

DROP TABLE destinatario;
DROP TABLE cliente;
DROP TABLE proveedor;
DROP TABLE camion;
DROP TABLE transportista;
DROP TABLE RESERVA_UBICACIONES;




/*DROP TABLE cliente;
DROP TABLE proveedor;
DROP TABLE destinatario;
DROP TABLE camion;
DROP TABLE transportista;
DROP TABLE persona;*/

/*ENTIDADES*/

/*Inutilizado luego de cambio a cobertura Complete en BD*/
/*INSERT INTO persona
(rut,rsocial,direccion,ciudad,telefono,email)
VALUES
('174465614','Jorge Arias', 'Marcelo Muñoz 279','Vilcún','56995277265','mail@jorgearias.cl');
INSERT INTO persona
(rut,rsocial,direccion,ciudad,telefono,email)
VALUES
('179825856','Ignacio Miranda', 'Las Parcelas 275','Temuco','56980000000','amiranda2010@alu.uct.cl');*/


/*SELECT * FROM persona;*/



CREATE TABLE CLIENTE 
(
  RUT VARCHAR2(10) NOT NULL 
, RSOCIAL VARCHAR2(100) NOT NULL 
, DIRECCION VARCHAR2(100) NOT NULL 
, CIUDAD VARCHAR2(100) NOT NULL 
, TELEFONO NUMBER(12) NOT NULL 
, EMAIL VARCHAR2(100) NOT NULL 
, DESCUENTO NUMBER(3) NOT NULL 
, CLASIFICACION VARCHAR2(100) NOT NULL 
, CONSTRAINT CLIENTE_PK PRIMARY KEY 
  (
    RUT 
  )
  ENABLE 
);



CREATE TABLE PROVEEDOR 
(
  RUT VARCHAR2(10) NOT NULL 
, RSOCIAL VARCHAR2(100) NOT NULL 
, DIRECCION VARCHAR2(100) NOT NULL 
, CIUDAD VARCHAR2(100) NOT NULL 
, TELEFONO NUMBER(12) NOT NULL 
, EMAIL VARCHAR2(100) NOT NULL 
, CONSTRAINT PROVEEDOR_PK PRIMARY KEY 
  (
    RUT 
  )
  ENABLE 
);



CREATE TABLE DESTINATARIO 
(
  RUT VARCHAR2(10) NOT NULL 
, RSOCIAL VARCHAR2(100) NOT NULL 
, DIRECCION VARCHAR2(100) NOT NULL 
, CIUDAD VARCHAR2(100) NOT NULL 
, TELEFONO NUMBER(12) NOT NULL 
, EMAIL VARCHAR2(100) NOT NULL 
, RUT_CLIENTE VARCHAR2(10) NOT NULL 
, CONSTRAINT DESTINATARIO_PK PRIMARY KEY 
  (
    RUT 
  )
  ENABLE 
);

ALTER TABLE DESTINATARIO
ADD CONSTRAINT DESTINATARIO_CLIENTE_FK1 FOREIGN KEY
(
  RUT_CLIENTE 
)
REFERENCES CLIENTE
(
  RUT 
)
ENABLE;



CREATE TABLE TRANSPORTISTA 
(
  RUT VARCHAR2(10) NOT NULL 
, RSOCIAL VARCHAR2(100) NOT NULL 
, DIRECCION VARCHAR2(100) NOT NULL 
, CIUDAD VARCHAR2(100) NOT NULL 
, TELEFONO NUMBER(12) NOT NULL 
, EMAIL VARCHAR2(100) NOT NULL 
, CONSTRAINT TRANSPORTISTA_PK PRIMARY KEY 
  (
    RUT 
  )
  ENABLE 
);



CREATE TABLE CAMION 
(
  PATENTE CHAR(6) NOT NULL 
, MARCA VARCHAR2(10) NOT NULL 
, MODELO VARCHAR2(10) NOT NULL 
, YEAR NUMBER(4) NOT NULL 
, RUT_PROPIETARIO VARCHAR2(10) NOT NULL 
, CONSTRAINT CAMION_PK PRIMARY KEY 
  (
    PATENTE 
  )
  ENABLE 
);

ALTER TABLE CAMION
ADD CONSTRAINT CAMION_TRANSPORTISTA_FK1 FOREIGN KEY
(
  RUT_PROPIETARIO 
)
REFERENCES TRANSPORTISTA
(
  RUT 
)
ENABLE;




/*ARTICULOS Y BODEGAJE*/

/*DROP TABLE lista_salida;
DROP TABLE entra_a_ubicacion;
DROP TABLE detalle_entrada;
DROP TABLE detalle_lista_cte;
DROP TABLE entrada_mercaderia;
DROP TABLE articulo;
DROP TABLE clasificacion;
DROP TABLE ubicacion;
DROP TABLE bodega;*/



CREATE TABLE BODEGA 
(
  ID_BODEGA NUMBER(10) NOT NULL 
, NOMBRE_BODEGA VARCHAR2(100) NOT NULL 
, CONSTRAINT BODEGA_PK PRIMARY KEY 
  (
    ID_BODEGA 
  )
  ENABLE 
);

DROP SEQUENCE secuencia_bodega;
CREATE SEQUENCE secuencia_bodega
    START WITH 1
    INCREMENT BY 1/*Valor siguiente al último existente en la tabla bodega*/
    NOMAXVALUE;

/*
INSERT INTO BODEGA
    VALUES (secuencia_bodega.NEXTVAL,'Nombre Bodega');
*/

/*Para el INSERT usando el TRIGGER*/
/*INSERT INTO BODEGA
  VALUES ('','Temuco 1');*/


CREATE TABLE UBICACION 
(
  ID_UBICACION NUMBER(10) NOT NULL 
, PASILLO VARCHAR2(10) NOT NULL 
, ANCHO NUMBER(10) NOT NULL 
, LARGO NUMBER(10) NOT NULL 
, ALTURA NUMBER(10) NOT NULL 
, ESTADO NUMBER(1) NOT NULL 
, ID_BODEGA NUMBER(10) NOT NULL 
, CONSTRAINT UBICACION_PK PRIMARY KEY 
  (
    ID_UBICACION 
  )
  ENABLE 
);

ALTER TABLE UBICACION
ADD CONSTRAINT UBICACION_BODEGA_FK1 FOREIGN KEY
(
  ID_BODEGA 
)
REFERENCES BODEGA
(
  ID_BODEGA 
)
ENABLE;

DROP SEQUENCE secuencia_ubicacion;
CREATE SEQUENCE secuencia_ubicacion
    START WITH 1
    INCREMENT BY 1/*Valor siguiente al último existente en la tabla bodega*/
    NOMAXVALUE;



CREATE TABLE CLASIFICACION 
(
  ID_CLASIFICACION NUMBER(10) NOT NULL 
, DESCRIPCION VARCHAR2(100) NOT NULL 
, CONSTRAINT CLASIFICACION_PK PRIMARY KEY 
  (
    ID_CLASIFICACION 
  )
  ENABLE 
);

DROP SEQUENCE secuencia_clasificacion;
CREATE SEQUENCE secuencia_clasificacion
    START WITH 1
    INCREMENT BY 1/*Valor siguiente al último existente en la tabla bodega*/
    NOMAXVALUE;



CREATE TABLE ARTICULO 
(
  CODIGO_ARTICULO NUMBER(10) NOT NULL 
, RUT_PVD VARCHAR2(10) NOT NULL 
, DESCRIPCION VARCHAR2(100) NOT NULL 
, LARGO NUMBER(10) NOT NULL 
, ANCHO NUMBER(10) NOT NULL 
, ALTO NUMBER(10) NOT NULL 
, PRECIO NUMBER(20) NOT NULL 
, ESTADO_ASEGURADO NUMBER(1) NOT NULL 
, ID_CLASIFICACION NUMBER(10) NOT NULL 
, ID_UBICACION NUMBER(10) NOT NULL 
, CONSTRAINT ARTICULO_PK PRIMARY KEY 
  (
    CODIGO_ARTICULO, RUT_PVD 
  )
  ENABLE 
);

ALTER TABLE ARTICULO
ADD CONSTRAINT ARTICULO_CLASIF_FK1 FOREIGN KEY
(
  ID_CLASIFICACION 
)
REFERENCES CLASIFICACION
(
  ID_CLASIFICACION 
)
ENABLE;

ALTER TABLE ARTICULO
ADD CONSTRAINT ARTICULO_UBICACION_FK1 FOREIGN KEY
(
  ID_UBICACION 
)
REFERENCES UBICACION
(
  ID_UBICACION 
)
ENABLE;

ALTER TABLE ARTICULO
ADD CONSTRAINT ARTICULO_PROVEEDOR_FK1 FOREIGN KEY
(
  RUT_PVD 
)
REFERENCES PROVEEDOR
(
  RUT 
)
ENABLE;

DROP SEQUENCE secuencia_articulo;
CREATE SEQUENCE secuencia_articulo
    START WITH 1
    INCREMENT BY 1/*Valor siguiente al último existente en la tabla bodega*/
    NOMAXVALUE;




/*ARTICULOS Y BODEGAJE*/

CREATE TABLE LISTA_SALIDA 
(
  FOLIO NUMBER(10) NOT NULL 
, RUT_CLIENTE VARCHAR2(10) NOT NULL 
, FECHA NUMBER(10) NOT NULL 
, CODIGO_ARTICULO NUMBER(10) NOT NULL 
, RUT_PVD VARCHAR2(10) NOT NULL 
, CONSTRAINT LISTA_SALIDA_PK PRIMARY KEY 
  (
    FOLIO, RUT_CLIENTE 
  )
  ENABLE 
);

ALTER TABLE LISTA_SALIDA
ADD CONSTRAINT LISTA_SALIDA_CLIENTE_FK1 FOREIGN KEY
(
  RUT_CLIENTE 
)
REFERENCES CLIENTE
(
  RUT 
)
ENABLE;

ALTER TABLE LISTA_SALIDA
ADD CONSTRAINT LISTA_SALIDA_ARTICUL_FK1 FOREIGN KEY
(
  CODIGO_ARTICULO, RUT_PVD 
)
REFERENCES ARTICULO
(
  CODIGO_ARTICULO, RUT_PVD 
)
ENABLE;

DROP SEQUENCE secuencia_lista_salida;
CREATE SEQUENCE secuencia_lista_salida
    START WITH 1
    INCREMENT BY 1/*Valor siguiente al último existente en la tabla bodega*/
    NOMAXVALUE;



CREATE TABLE ENTRADA_MERCADERIA 
(
  CODIGO_ENTRADA NUMBER(10) NOT NULL 
, FECHA NUMBER(10) NOT NULL 
, RUT_CLIENTE VARCHAR2(10) NOT NULL 
, PATENTE_CAMION CHAR(6) NOT NULL 
, CONSTRAINT ENTRADA_MERCADERIA_PK PRIMARY KEY 
  (
    CODIGO_ENTRADA 
  )
  ENABLE 
);

ALTER TABLE ENTRADA_MERCADERIA
ADD CONSTRAINT ENTRADA_MERCAD_CLIEN_FK1 FOREIGN KEY
(
  RUT_CLIENTE 
)
REFERENCES CLIENTE
(
  RUT 
)
ENABLE;

ALTER TABLE ENTRADA_MERCADERIA
ADD CONSTRAINT ENTRADA_MERCAD_CAM_FK1 FOREIGN KEY
(
  PATENTE_CAMION 
)
REFERENCES CAMION
(
  PATENTE 
)
ENABLE;

/*
alter table ENTRADA_MERCADERIA
  add RUT_CLIENTE CHAR(9) NOT NULL;
*/

DROP SEQUENCE secuencia_entrada_mercaderia;
CREATE SEQUENCE secuencia_entrada_mercaderia
    START WITH 1
    INCREMENT BY 1/*Valor siguiente al último existente en la tabla bodega*/
    NOMAXVALUE;



CREATE TABLE DETALLE_ENTRADA 
(
  CANTIDAD NUMBER(10) NOT NULL 
, CODIGO_ENTRADA NUMBER(10) NOT NULL 
, CODIGO_ARTICULO NUMBER(10) NOT NULL 
, RUT_PVD VARCHAR2(10) NOT NULL 
);

ALTER TABLE DETALLE_ENTRADA
ADD CONSTRAINT DET_ENT_ENT_MERCAD_FK1 FOREIGN KEY
(
  CODIGO_ENTRADA 
)
REFERENCES ENTRADA_MERCADERIA
(
  CODIGO_ENTRADA 
)
ENABLE;

ALTER TABLE DETALLE_ENTRADA
ADD CONSTRAINT DET_ENT_ARTICULO_FK1 FOREIGN KEY
(
  CODIGO_ARTICULO, RUT_PVD 
)
REFERENCES ARTICULO
(
  CODIGO_ARTICULO, RUT_PVD 
)
ENABLE;



CREATE TABLE ENTRA_A_UBICACION 
(
  FECHA_HORA_INGRESO NUMBER(10) NOT NULL 
, FECHA_RETIRO_TOTAL NUMBER(10) NOT NULL 
, CANTIDAD_INICIAL NUMBER(10) NOT NULL 
, STOCK NUMBER(10) NOT NULL 
, CODIGO_ENTRADA NUMBER(10) NOT NULL 
, CODIGO_ARTICULO NUMBER(10) NOT NULL 
, RUT_PVD VARCHAR2(10) NOT NULL 
, ID_UBICACION NUMBER(10) NOT NULL 
, CONSTRAINT ENTRA_A_UBICACION_PK PRIMARY KEY 
  (
    FECHA_HORA_INGRESO 
  )
  ENABLE 
);

ALTER TABLE ENTRA_A_UBICACION
ADD CONSTRAINT ENT_A_UBIC_ENT_MERCA_FK1 FOREIGN KEY
(
  CODIGO_ENTRADA 
)
REFERENCES ENTRADA_MERCADERIA
(
  CODIGO_ENTRADA 
)
ENABLE;

ALTER TABLE ENTRA_A_UBICACION
ADD CONSTRAINT ENT_A_UBIC_ARTICULO_FK1 FOREIGN KEY
(
  CODIGO_ARTICULO, RUT_PVD 
)
REFERENCES ARTICULO
(
  CODIGO_ARTICULO, RUT_PVD 
)
ENABLE;

ALTER TABLE ENTRA_A_UBICACION
ADD CONSTRAINT ENT_A_UBIC_UBICACION_FK1 FOREIGN KEY
(
  ID_UBICACION 
)
REFERENCES UBICACION
(
  ID_UBICACION 
)
ENABLE;



CREATE TABLE DETALLE_LISTA_CTE 
(
  FECHA_SALIDA NUMBER(10) NOT NULL 
, CANTIDAD NUMBER(10) NOT NULL 
, CODIGO_ENTRADA NUMBER(10) NOT NULL 
, RUT_DESTINATARIO VARCHAR2(10) NOT NULL 
);

ALTER TABLE DETALLE_LISTA_CTE
ADD CONSTRAINT DET_LIST_CTE_ENT_MER_FK1 FOREIGN KEY
(
  CODIGO_ENTRADA 
)
REFERENCES ENTRADA_MERCADERIA
(
  CODIGO_ENTRADA 
)
ENABLE;

ALTER TABLE DETALLE_LISTA_CTE
ADD CONSTRAINT DET_LIST_CTE_DESTINA_FK1 FOREIGN KEY
(
  RUT_DESTINATARIO 
)
REFERENCES DESTINATARIO
(
  RUT 
)
ENABLE;



CREATE TABLE RESERVA_UBICACIONES 
(  
  RUT_CLIENTE VARCHAR2(10) NOT NULL
, ID_UBICACION NUMBER(10) NOT NULL
, FECHA_INICIO NUMBER(10) NOT NULL
, FECHA_TERMINO NUMBER(10) NOT NULL
);




CREATE TABLE USUARIO_CLIENTE 
(
  RUT VARCHAR2(10) NOT NULL 
, LLAVE CHAR(6) NOT NULL 
, CONSTRAINT USUARIO_CLIENTE_PK PRIMARY KEY 
  (
    RUT 
  )
  ENABLE 
);

ALTER TABLE USUARIO_CLIENTE
ADD CONSTRAINT USUARIO_CLIENTE_CLIENTE_FK1 FOREIGN KEY
(
  RUT 
)
REFERENCES CLIENTE
(
  RUT 
)
ENABLE;



CREATE TABLE USUARIO 
(
  NOMBRE_USUARIO VARCHAR2(100) NOT NULL 
, LLAVE CHAR(6) NOT NULL 
, TIPO NUMBER(1) NOT NULL 
, CONSTRAINT USUARIO_PK PRIMARY KEY 
  (
    NOMBRE_USUARIO 
  )
  ENABLE 
);





/*TRIGGERS PARA LLAMAR A SECUENCIAS PARA AUTOINCREMENT, EJECUTAR UNO A UNO*/

CREATE OR REPLACE TRIGGER autoincrement_bodega
    BEFORE INSERT ON bodega
    FOR EACH ROW
        BEGIN
            SELECT secuencia_bodega.NEXTVAL
            INTO :new.id_bodega
            FROM dual;
        END;
/


CREATE OR REPLACE TRIGGER autoincrement_ubicacion
    BEFORE INSERT ON ubicacion
    FOR EACH ROW
        BEGIN
            SELECT secuencia_ubicacion.NEXTVAL
            INTO :new.id_ubicacion
            FROM dual;
        END;
/


CREATE OR REPLACE TRIGGER autoincrement_clasificacion
    BEFORE INSERT ON clasificacion
    FOR EACH ROW
        BEGIN
            SELECT secuencia_clasificacion.NEXTVAL
            INTO :new.id_clasificacion
            FROM dual;
        END;
/


CREATE OR REPLACE TRIGGER autoincrement_articulo
    BEFORE INSERT ON articulo
    FOR EACH ROW
        BEGIN
            SELECT secuencia_articulo.NEXTVAL
            INTO :new.CODIGO_ARTICULO
            FROM dual;
        END;
/


CREATE OR REPLACE TRIGGER autoincrement_lista_salida
    BEFORE INSERT ON lista_salida
    FOR EACH ROW
        BEGIN
            SELECT secuencia_lista_salida.NEXTVAL
            INTO :new.FOLIO
            FROM dual;
        END;
/


CREATE OR REPLACE TRIGGER autoincrement_entrada_mercad
    BEFORE INSERT ON entrada_mercaderia
    FOR EACH ROW
        BEGIN
            SELECT secuencia_entrada_mercaderia.NEXTVAL
            INTO :new.CODIGO_ENTRADA
            FROM dual;
        END;
/


/*Autogenerar llave usuarios*/
CREATE OR REPLACE TRIGGER llave_usuario_cliente
    BEFORE INSERT ON usuario_cliente
    FOR EACH ROW
        BEGIN
            SELECT DBMS_RANDOM.STRING ('X',6)
            INTO :new.LLAVE
            FROM DUAL;
        END;
/


CREATE OR REPLACE TRIGGER llave_usuario
    BEFORE INSERT ON usuario
    FOR EACH ROW
        BEGIN
            SELECT DBMS_RANDOM.STRING ('X',6)
            INTO :new.LLAVE
            FROM DUAL;
        END;
/
















/*INSERT A CLIENTE*/
INSERT INTO cliente
(rut,rsocial,direccion,ciudad,telefono,email,descuento,clasificacion)
VALUES
('174465614','Jorge Arias', 'Marcelo Muñoz 279','Vilcún','95277265','mail@jorgearias.cl','1', 'VIP');
INSERT INTO cliente
(rut,rsocial,direccion,ciudad,telefono,email,descuento,clasificacion)
VALUES
('179825856','Ignacio Miranda', 'Las Parcelas 275','Temuco','80000000','amiranda2010@alu.uct.cl','50', 'Premium');

INSERT INTO proveedor
(rut,rsocial,direccion,ciudad,telefono,email)
VALUES
('179825856','Ignacio Miranda', 'Las Parcelas 275','Temuco','80000000','amiranda2010@alu.uct.cl');

INSERT INTO proveedor
(rut,rsocial,direccion,ciudad,telefono,email)
VALUES
('88772223','ROSEN S.A.', 'Frente a UCT','Temuco','80220000','ventas@rosen.cl');


INSERT INTO transportista
(rut,rsocial,direccion,ciudad,telefono,email)
VALUES
('179825856','Ignacio Miranda', 'Las Parcelas 275','Temuco','80000000','amiranda2010@alu.uct.cl');

INSERT INTO camion
(patente, marca, modelo, year, rut_propietario)
VALUES
('AB1010', 'Mercedes B', 'A1', '1990', '179825856');


/*INSERT A BODEGA*/
INSERT INTO BODEGA (ID_BODEGA, NOMBRE_BODEGA) VALUES (null, 'Temuco 1');
INSERT INTO BODEGA (ID_BODEGA, NOMBRE_BODEGA) VALUES (null, 'Temuco 2');
INSERT INTO BODEGA (ID_BODEGA, NOMBRE_BODEGA) VALUES (null, 'Campus Nortes');


/*INSERT INTO BD_BODEGA.UBICACION (ID_UBICACION, PASILLO, ANCHO, LARGO, ALTURA, ESTADO, ID_BODEGA) VALUES ('AAAA000011', 'AA', '10', '10', '10', '0', '0000000001');
INSERT INTO BD_BODEGA.UBICACION (ID_UBICACION, PASILLO, ANCHO, LARGO, ALTURA, ESTADO, ID_BODEGA) VALUES ('BBB0000022', 'BB', '50', '30', '20', '0', '0000000001');
*/

INSERT INTO UBICACION (ID_UBICACION, PASILLO, ANCHO, LARGO, ALTURA, ESTADO, ID_BODEGA) VALUES
(null,'A','10','10','10','0','1');INSERT INTO UBICACION (ID_UBICACION, PASILLO, ANCHO, LARGO, ALTURA, ESTADO, ID_BODEGA) VALUES
(null,'B','10','10','10','0','1');INSERT INTO UBICACION (ID_UBICACION, PASILLO, ANCHO, LARGO, ALTURA, ESTADO, ID_BODEGA) VALUES
(null,'C','10','10','10','0','1');INSERT INTO UBICACION (ID_UBICACION, PASILLO, ANCHO, LARGO, ALTURA, ESTADO, ID_BODEGA) VALUES
(null,'D','10','10','10','0','1');INSERT INTO UBICACION (ID_UBICACION, PASILLO, ANCHO, LARGO, ALTURA, ESTADO, ID_BODEGA) VALUES
(null,'E','10','10','10','0','1');INSERT INTO UBICACION (ID_UBICACION, PASILLO, ANCHO, LARGO, ALTURA, ESTADO, ID_BODEGA) VALUES
(null,'A1','10','10','10','0','2');INSERT INTO UBICACION (ID_UBICACION, PASILLO, ANCHO, LARGO, ALTURA, ESTADO, ID_BODEGA) VALUES
(null,'A2','10','10','10','0','2');INSERT INTO UBICACION (ID_UBICACION, PASILLO, ANCHO, LARGO, ALTURA, ESTADO, ID_BODEGA) VALUES
(null,'B','10','10','10','0','2');INSERT INTO UBICACION (ID_UBICACION, PASILLO, ANCHO, LARGO, ALTURA, ESTADO, ID_BODEGA) VALUES
(null,'C1','10','10','10','0','2');INSERT INTO UBICACION (ID_UBICACION, PASILLO, ANCHO, LARGO, ALTURA, ESTADO, ID_BODEGA) VALUES
(null,'C2','10','10','10','0','3');INSERT INTO UBICACION (ID_UBICACION, PASILLO, ANCHO, LARGO, ALTURA, ESTADO, ID_BODEGA) VALUES
(null,'C3','10','10','10','0','3');INSERT INTO UBICACION (ID_UBICACION, PASILLO, ANCHO, LARGO, ALTURA, ESTADO, ID_BODEGA) VALUES
(null,'C4','10','10','10','0','3');INSERT INTO UBICACION (ID_UBICACION, PASILLO, ANCHO, LARGO, ALTURA, ESTADO, ID_BODEGA) VALUES
(null,'D1','10','10','10','0','3');



INSERT INTO CLASIFICACION (ID_CLASIFICACION, DESCRIPCION) VALUES (null, 'Muebles');

INSERT INTO ARTICULO (CODIGO_ARTICULO, RUT_PVD, DESCRIPCION, LARGO, ANCHO, ALTO, PRECIO, ESTADO_ASEGURADO, ID_CLASIFICACION, ID_UBICACION)
VALUES (null, '179825856','Mesa pino 6 personas','3','2','1','99990','0','1','1');
INSERT INTO ARTICULO (CODIGO_ARTICULO, RUT_PVD, DESCRIPCION, LARGO, ANCHO, ALTO, PRECIO, ESTADO_ASEGURADO, ID_CLASIFICACION, ID_UBICACION)
VALUES (null, '179825856','Silla abedul','1','1','1','7990','0','1','1');
INSERT INTO ARTICULO (CODIGO_ARTICULO, RUT_PVD, DESCRIPCION, LARGO, ANCHO, ALTO, PRECIO, ESTADO_ASEGURADO, ID_CLASIFICACION, ID_UBICACION)
VALUES (null, '179825856','Armario abedul blanco','1','2','2','119990','0','1','1');
INSERT INTO ARTICULO (CODIGO_ARTICULO, RUT_PVD, DESCRIPCION, LARGO, ANCHO, ALTO, PRECIO, ESTADO_ASEGURADO, ID_CLASIFICACION, ID_UBICACION)
VALUES (null, '179825856','Armario abeto negro','3','2','1','109990','0','1','1');
INSERT INTO ARTICULO (CODIGO_ARTICULO, RUT_PVD, DESCRIPCION, LARGO, ANCHO, ALTO, PRECIO, ESTADO_ASEGURADO, ID_CLASIFICACION, ID_UBICACION)
VALUES (null, '88772223','Cama 2 plazas normal','3','2','1','259990','0','1','1');
INSERT INTO ARTICULO (CODIGO_ARTICULO, RUT_PVD, DESCRIPCION, LARGO, ANCHO, ALTO, PRECIO, ESTADO_ASEGURADO, ID_CLASIFICACION, ID_UBICACION)
VALUES (null, '88772223','Cama 1 plazas normal','2','2','1','189990','0','1','1');
INSERT INTO ARTICULO (CODIGO_ARTICULO, RUT_PVD, DESCRIPCION, LARGO, ANCHO, ALTO, PRECIO, ESTADO_ASEGURADO, ID_CLASIFICACION, ID_UBICACION)
VALUES (null, '88772223','Cama 3 plazas normal','4','2','1','479990','0','1','1');
INSERT INTO ARTICULO (CODIGO_ARTICULO, RUT_PVD, DESCRIPCION, LARGO, ANCHO, ALTO, PRECIO, ESTADO_ASEGURADO, ID_CLASIFICACION, ID_UBICACION)
VALUES (null, '88772223','Cama 1 plazas rosada','2','2','1','189990','0','1','1');
INSERT INTO ARTICULO (CODIGO_ARTICULO, RUT_PVD, DESCRIPCION, LARGO, ANCHO, ALTO, PRECIO, ESTADO_ASEGURADO, ID_CLASIFICACION, ID_UBICACION)
VALUES (null, '88772223','Cama 1 plazas biscolástica','2','2','1','189990','0','1','1');
INSERT INTO ARTICULO (CODIGO_ARTICULO, RUT_PVD, DESCRIPCION, LARGO, ANCHO, ALTO, PRECIO, ESTADO_ASEGURADO, ID_CLASIFICACION, ID_UBICACION)
VALUES (null, '88772223','Cama 2 plazas normal','3','2','1','289990','0','1','1');
INSERT INTO ARTICULO (CODIGO_ARTICULO, RUT_PVD, DESCRIPCION, LARGO, ANCHO, ALTO, PRECIO, ESTADO_ASEGURADO, ID_CLASIFICACION, ID_UBICACION)
VALUES (null, '88772223','Cama King dorma boneto','3','3','1','589990','0','1','1');


INSERT INTO USUARIO (NOMBRE_USUARIO, LLAVE, TIPO) VALUES ('admin', null,'1');
UPDATE USUARIO SET LLAVE='AAAAAA' WHERE NOMBRE_USUARIO = 'admin';

INSERT INTO USUARIO_CLIENTE (RUT, LLAVE) VALUES ('174465614', null);
UPDATE USUARIO_CLIENTE SET LLAVE='AAAAAA' WHERE RUT = '174465614';





/*Funciones/Procedimientos para Módulo Mantención de Clientes*/

/*Funciones/Procedimientos para Módulo Mantención de Bodegas*/

/*Funciones/Procedimientos para Módulo Administración de Ubicaciones*/

/*Funciones/Procedimientos para Módulo Administración de Entradas y Salidas de Mercadería*/